<?xml version="1.0" encoding="ISO-8859-1"?>
<project name="Waarp Digest">
  <skin>
  	<groupId>org.apache.maven/skins</groupId>
  	<artifactId>maven-default-skin</artifactId>
  	<version>1.0</version>
  </skin>
  <publishDate/><version/>
  <bannerLeft>
    <name>Waarp Project</name>
    <src>images/waarp.jpg</src>
    <href>http://www.waarp.it</href>
  </bannerLeft>
  <body>
    <links>
    	<item name="Waarp" href="http://www.waarp.it/"/>
    </links>
    <menu ref="reports"/>
  </body>
</project>
