<?xml version="1.0" encoding="ISO-8859-1"?>
<document>
	<properties>
		<title>Waarp Digest</title>
		<author email="waarp1 at free.fr">Frederic Bregier</author>
	</properties>
	<body>
		<release version="1.1.8" date="2012-12-14" description="Fix release">
			<action dev="Frederic Bregier" type="fix">Fix following FindBugs process</action>
			<action dev="Frederic Bregier" type="fix">Upgrade jar dependencies</action>
		</release>
	    <release version="1.1.7" date="2012-09-30" description="Fix release">
	   			<action dev="Frederic Bregier" type="fix">Upgrade jar dependencies</action>
		</release>
	    <release version="1.1.6" date="2012-09-07" description="Fix release">
			<action dev="Frederic Bregier" type="fix">Upgrade jar dependencies</action>
		</release>
	    <release version="1.1.5" date="2012-08-24" description="Fix release">
			<action dev="Frederic Bregier" type="fix">Upgrade jar dependencies</action>
		</release>
	    <release version="1.1.4" date="2012-07-25" description="Fix release">
			<action dev="Frederic Bregier" type="fix">Upgrade jar dependencies</action>
		</release>
	    <release version="1.1.3" date="2012-07-07" description="Fix release">
			<action dev="Frederic Bregier" type="fix">Upgrade jar dependencies</action>
		</release>
	    <release version="1.1.2" date="2012-07-06" description="Fix release">
			<action dev="Frederic Bregier" type="fix">Upgrade jar dependencies</action>
		</release>
		<release version="1.1.1" date="2012-07-01" description="Fix Release">
			<action dev="Frederic Bregier" type="fix">Fix pom and doc</action>
		</release>
		<release version="1.1.0" date="2012-06-26" description="First Waarp Release">
			<action dev="Frederic Bregier" type="fix">Fix hierarchy</action>
			<action dev="Frederic Bregier" type="fix">Removal of C code</action>
		</release>
		<release version="1.0.6" date="2012-06-25" description="Last GoldenGate release">
			<action dev="Frederic Bregier" type="fix">Update to Netty 3.5.1</action>
			<action dev="Frederic Bregier" type="fix">Add FileystemBasedDigest Object to allow manual digest feeding</action>
			<action dev="Frederic Bregier" type="fix">Optimization on Digest of ByteBuf</action>
		</release>
		<release version="1.0.5" date="2012-03-12" description="Add functionalities">
			<action dev="Frederic Bregier" type="fix">Add some methods on InputStream</action>
		</release>
		<release version="1.0.4" date="2012-02-12" description="Add functionalities">
			<action dev="Frederic Bregier" type="fix">Fix of DigestAlgo definitions</action>
			<action dev="Frederic Bregier" type="fix">Update Dependencies</action>
		</release>
		<release version="1.0.3" date="2011-10-27" description="Add functionalities">
			<action dev="Frederic Bregier" type="add">Add functionalities</action>
		</release>
		<release version="1.0.2" date="2010-12-30" description="Add functionalities">
			<action dev="Frederic Bregier" type="add">Add functionalities</action>
		</release>
		<release version="1.0.1" date="2010-10-24" description="Fix MD5 and create FilesystemBasedDigest">
			<action dev="Frederic Bregier" type="fix">Fix MD5</action>
		</release>
		<release version="1.0.0" date="2009-08-24" description="First independent Digest Package release">
			<action dev="Frederic Bregier" type="fix">Remove Digest out of GoldenGateFtp project to GoldenGate Commons project</action>
		</release>
	</body>
</document>